{"stats":{"minecraft:picked_up":{"minecraft:repeater":2,"minecraft:lead":2,"minecraft:lever":6,"minecraft:note_block":1,"minecraft:redstone":4},"minecraft:used":{"minecraft:glass":2,"minecraft:bedrock":23,"minecraft:lever":198,"minecraft:diamond_block":681,"minecraft:repeater":1967,"minecraft:sand":354,"minecraft:potion":4,"minecraft:command_block":1,"minecraft:grass_block":249,"minecraft:iron_block":9,"minecraft:redstone":675,"minecraft:oak_planks":1002,"minecraft:oak_sign":33,"minecraft:gold_block":732,"minecraft:note_block":2881,"minecraft:stone_pressure_plate":1,"minecraft:stone":258,"minecraft:clay":638},"minecraft:custom":{"minecraft:time_since_rest":727488,"minecraft:crouch_one_cm":1212,"minecraft:sprint_one_cm":328844,"minecraft:play_time":727488,"minecraft:walk_one_cm":2052785,"minecraft:sneak_time":1409,"minecraft:drop":3,"minecraft:jump":5615,"minecraft:damage_dealt":108,"minecraft:leave_game":2,"minecraft:time_since_death":727488,"minecraft:total_world_time":842020,"minecraft:tune_noteblock":28144,"minecraft:fly_one_cm":2127865},"minecraft:dropped":{"minecraft:note_block":1,"minecraft:lever":1,"minecraft:repeater":1}},"DataVersion":2730}